{
  "author": "BuildFire",
  "pluginName": "Community Wall - Daylyy [Ali]",
  "pluginDescription": "Keep your users engaged and communicating in your app with social walls. When users perform an interactive action (i.e. liking a post, commenting on a post), other users in that group will even get an automated SMARTPush™ notification.",
  "keywords": "communication,social,wall,messaging,message,group,conversation,chat",
  "supportEmail": "support@buildfire.com",
  "supportSite": "https://learn.appdocumentation.com/en/articles/5128512-how-to-use-the-community-wall-plugin",
  "pluginIcon": "icon.png",
  "control": {
    "content": {
      "enabled": true
    },
    "design": {
      "enabled": false
    },
    "settings": {
      "enabled": true
    },
    "customTabs": [
      {
        "title": "Reports",
        "url": "reports/index.html"
      },
      {
        "title": "Languages",
        "url": "languages/index.html"
      }
    ]
  },
  "widget": {
  },
  "features": [{"name":"Contacts"}],
  "languages": [
    "en"
  ]
}
