{
  "author": "BuildFire",
  "pluginName": "CW [hiba devtest]",
  "pluginDescription": "Boost engagement, foster collaboration, and create a vibrant user community.",
  "keywords": "communication,social,wall,messaging,message,group,conversation,chat",
  "supportEmail": "support@buildfire.com",
  "supportSite": "https://learn.appdocumentation.com/en/articles/5128512-how-to-use-the-community-wall-plugin",
  "pluginIcon": "icon.png",
  "control": {
    "content": {
      "enabled": true
    },
    "design": {
      "enabled": false
    },
    "settings": {
      "enabled": true
    },
    "customTabs": [
      {
        "title": "Reports",
        "url": "reports/index.html"
      },
      {
        "title": "Languages",
        "url": "languages/index.html"
      }
    ]
  },
  "widget": {
  },
  "features": [],
  "languages": [
    "en"
  ],
	"media": [
		{ "type": "image-resource", "path": "1-Plugin.png" },
		{ "type": "image-resource", "path": "2-Benefits.png" },
		{ "type": "image-resource", "path": "3-Features.png" },
		{ "type": "image-resource", "path": "4-Use-Case.png" },
		{ "type": "image-resource", "path": "5-Sales-Pitch.png" },
		{ "type": "image-resource", "path": "6-Content-Tab.png" },
		{ "type": "image-resource", "path": "7-Settings-Tab.png" },
		{ "type": "image-resource", "path": "8-Analytics-Tab.png" },
		{ "type": "image-resource", "path": "9-Language-Tab.png" },
    {
      "type": "youtube-video",
      "path": "https://www.youtube.com/watch?v=FMKup4MOx10"
    }
	]
}

